{
  "templates": [
    {
      "name": "缺陷模板",
      "issuetype-field": "缺陷",
      "projects-field": "",
      "text": "*(on) Commit提交记录*\n <TI>Fix：#jira单号 <TI>\n\n*(y) 改进措施*\n <TI>主要写入为何线下不能发现的原因，以及后续如何改进</TI>\n\n*(?) 问题产生原因*\n <TI>bug原有字段，必填</TI>\n\n*(/) 解决方案*\n <TI> bug原有字段，必填</TI>"
    },
    {
      "name": "任务模板",
      "issuetype-field": "任务",
      "projects-field": "",
      "text": "*(on) Commit提交记录*\n <TI>Enhance：#jira单号 <TI>\n\n*(i) 设计方案/修改点*\n <TI>工作量，大于3d的需要输出设计方案。比较小的修改列出修改点</TI>\n\n*(!) 影响范围*\n <TI>给出该任务合入版本后的影响范围</TI>",
      "extra-text": [
        {
          "label": "-输出用例",
          "text": "*(*r) 评审集合*\n <TI> {color:#ff0000}如果需要输出用例的task，该项必填；{color}不需要输出的该项非必填</TI>\n\n*(*g) 执行集合*\n <TI>{color:#ff0000} 如果需要输出用例的task，该项必填；{color}不需要输出的该项非必填</TI>"
        },
        {
          "label": "开发自测",
          "text": "*(*b) 版本质量*\n <TI> {color:#ff0000}需要自测的合入版本的必填{color}，通过测试过程需要给出该任务合入后测试的结论，比如测试通过，无问题，或修复几个问题等，越详细越好</TI>"
        },
        {
          "label": "+自动化",
          "text": "*(/) 自动化*\n <TI> {color:#ff0000}需要输出自动化的必填{color}，否则不非必填<TI>"
        }
      ]
    }
  ],
  "options": {
    "limit": [],
    "domains": [],
    "inputIDs": []
  }
}
